Condition,Plate_ID,mean_Signal,min_Signal,sd_Signal,count
L,ENZ_luc,98396,251,123938.78821198207,12
D,ENZ_luc,93893.8,2370,124701.84219150718,10
L,BIC_luc,74924.375,5002,154193.78837214413,8
NO treat,BIC_luc,69289,4165,108107.43621839474,8
NO treat,ENZ_luc,54773.2,3294,105077.93141262133,10
D+L,ENZ_luc,36643.1,646,52170.65786744712,10
D+L,BIC_luc,33359.25,3533,74239.0724383057,8
D,BIC_luc,22187.625,3107,20263.259919212687,8
